ACR_ID,Title,Artists,Time,Source_URL,Detail_URL
4f546f40ec5046de4b53824dd93d4b20,Planeta Desconhecido (Slowed),DJ NK3 & THEUZ ZL,2024-02-14 16:07:32,https://www.youtube.com/shorts/eATNYiWMmPM,https://www.aha-music.com/4f546f40ec5046de4b53824dd93d4b20?utm_source=chrome&utm_medium=extension
c186a6f000c6d1a66ac3a3ad9435289f,i was only temporary,my head is empty/.diedlonely,2024-02-13 16:53:06,https://www.youtube.com/watch?v=LmwfxVrbyGw,https://www.aha-music.com/c186a6f000c6d1a66ac3a3ad9435289f?utm_source=chrome&utm_medium=extension
a75206eb487ca9b66cd5ac5f3fcfecf3,Lost Soul,NBSPLV,2024-02-13 16:48:56,https://www.youtube.com/shorts/-CinDF-jOoE,https://www.aha-music.com/a75206eb487ca9b66cd5ac5f3fcfecf3?utm_source=chrome&utm_medium=extension
b00612b0e642433e7ff5a156d0534c49,HYPNOTIC DATA(Slowed & Reverbed) feat. Odetari,ODECORE,2024-02-10 02:36:32,https://www.youtube.com/shorts/QnKbGGhkUuM,https://www.aha-music.com/b00612b0e642433e7ff5a156d0534c49?utm_source=chrome&utm_medium=extension
a20d3030d2bab056edc5f9d10417b720,ICEWHORE! (slowed),Lumi Athena,2024-02-08 19:23:29,https://www.youtube.com/watch?v=Sh2-wF1rIy0,https://www.aha-music.com/a20d3030d2bab056edc5f9d10417b720?utm_source=chrome&utm_medium=extension
0859696044a0dda18ca8e85e38ef20b9,moment,Vierre Cloud,2024-02-07 18:41:47,https://www.youtube.com/shorts/SfXqrB5ZCug,https://www.aha-music.com/0859696044a0dda18ca8e85e38ef20b9?utm_source=chrome&utm_medium=extension
0859696044a0dda18ca8e85e38ef20b9,moment,Vierre Cloud,2024-02-07 18:41:39,https://www.youtube.com/shorts/SfXqrB5ZCug,https://www.aha-music.com/0859696044a0dda18ca8e85e38ef20b9?utm_source=chrome&utm_medium=extension
2699633be5be1a672fffa2381daf027f,No Wind Resistance!,Kinneret,2024-02-07 18:41:29,https://www.youtube.com/shorts/guIf7tREOpQ,https://www.aha-music.com/2699633be5be1a672fffa2381daf027f?utm_source=chrome&utm_medium=extension
5e794382193631a9344b53a47e71ec3f,O Superman (For Massenet) (Remastered LP Version),Laurie Anderson,2024-02-07 18:33:33,https://www.youtube.com/shorts/F4b9SljW0Fs,https://www.aha-music.com/5e794382193631a9344b53a47e71ec3f?utm_source=chrome&utm_medium=extension
39edadb641c1db96f40cc23ee9668487,bounce (i just wanna dance),фрози/Joyful,2024-02-07 18:23:24,https://www.youtube.com/shorts/PoWoRyjI-aI,https://www.aha-music.com/39edadb641c1db96f40cc23ee9668487?utm_source=chrome&utm_medium=extension
3d8f656d8ed5866070eb766e4b7b1f78,Untitled - Slowed &Reverb,JOIE GREY,2024-02-05 08:39:45,https://www.youtube.com/shorts/l2AINelPbqs,https://www.aha-music.com/3d8f656d8ed5866070eb766e4b7b1f78?utm_source=chrome&utm_medium=extension
7403bb9547e898fbf3381298e575e6ac,Girl A Slowed Reverb,Enether,2024-02-01 01:44:58,https://www.youtube.com/watch?v=UGe2Swvchvg,https://www.aha-music.com/7403bb9547e898fbf3381298e575e6ac?utm_source=chrome&utm_medium=extension
23b670a924aa034670e32e48914193f0,Kagamine Rin Girl A,Ultramegasuperslower TikTok$,2024-02-01 01:43:53,https://www.youtube.com/watch?v=3qccnW2NNyE,https://www.aha-music.com/23b670a924aa034670e32e48914193f0?utm_source=chrome&utm_medium=extension
1681429346bb3eb1d306898c65efbc2a,ICEWHORE!,Lumi Athena,2024-01-31 20:46:57,https://www.youtube.com/shorts/_Toav_ss-PA,https://www.aha-music.com/1681429346bb3eb1d306898c65efbc2a?utm_source=chrome&utm_medium=extension
a20d3030d2bab056edc5f9d10417b720,ICEWHORE! (slowed),Lumi Athena,2024-01-31 20:46:12,https://www.youtube.com/watch?v=jY-zjYPPAw8,https://www.aha-music.com/a20d3030d2bab056edc5f9d10417b720?utm_source=chrome&utm_medium=extension
a20d3030d2bab056edc5f9d10417b720,ICEWHORE! (slowed),Lumi Athena,2024-01-31 20:45:51,https://www.youtube.com/watch?v=jY-zjYPPAw8,https://www.aha-music.com/a20d3030d2bab056edc5f9d10417b720?utm_source=chrome&utm_medium=extension
b78a366178994eaa1f64d734cef8aa2f,"From the River to the Sea, Palestine Will Be Free (Palestine Chant)",Rachad,2024-01-29 23:43:25,https://www.youtube.com/shorts/AIycAIQ9Gxs,https://www.aha-music.com/b78a366178994eaa1f64d734cef8aa2f?utm_source=chrome&utm_medium=extension
fdfd88f6d6876e70da6ea93c34b01951,it goes like (nanana) x Cola,ascxnding,2024-01-26 03:26:31,https://www.youtube.com/shorts/2uKuxPChJg8,https://www.aha-music.com/fdfd88f6d6876e70da6ea93c34b01951?utm_source=chrome&utm_medium=extension
d0e5ef1592e1cb2fd254220702ccf0c7,Hit the Road Jack,DJ Crazy J Rodriguez,2024-01-26 02:51:25,https://www.youtube.com/shorts/rN4dieUl4ik,https://www.aha-music.com/d0e5ef1592e1cb2fd254220702ccf0c7?utm_source=chrome&utm_medium=extension
54b7ebced11f3b64bd492b118b97f921,Doglwa Marat E Mayi,Tamatar Lal Yadav,2024-01-24 02:50:52,https://www.youtube.com/watch?v=fiGmae6WJhI,https://www.aha-music.com/54b7ebced11f3b64bd492b118b97f921?utm_source=chrome&utm_medium=extension
2d9886951ab0c5643c90d57eed63e4da,BRAINS,BRONKBRONKBRONK,2024-01-24 02:46:35,https://www.youtube.com/shorts/U84uSXNKDKg,https://www.aha-music.com/2d9886951ab0c5643c90d57eed63e4da?utm_source=chrome&utm_medium=extension
bfd1318374636f770ad6987d0f5cad28,Satisfaction,Benny Benassi,2024-01-24 02:46:00,https://www.youtube.com/shorts/KeQXkVuYJ9E,https://www.aha-music.com/bfd1318374636f770ad6987d0f5cad28?utm_source=chrome&utm_medium=extension
ef4c41aeff95f9257a2c5678e2220104,Inferno,Mrs. GREEN APPLE,2024-01-22 14:25:47,https://www.youtube.com/watch?v=B5GJNP7D5rI,https://www.aha-music.com/ef4c41aeff95f9257a2c5678e2220104?utm_source=chrome&utm_medium=extension
e9f21a8755614f0e13041af4a5e72399,Becanev - A COLORS SHOW,Yamê,2024-01-20 23:07:32,https://www.youtube.com/shorts/BqVOHUZDSPo,https://www.aha-music.com/e9f21a8755614f0e13041af4a5e72399?utm_source=chrome&utm_medium=extension
f4a663b896ff4fbe1e5b7ed956905e8d,Strangers,Kenya Grace,2024-01-20 22:50:09,https://www.youtube.com/shorts/P-McMn-_UqQ,https://www.aha-music.com/f4a663b896ff4fbe1e5b7ed956905e8d?utm_source=chrome&utm_medium=extension
77f18b7db0066c3db861552a85bb13a3,Tumhare Siva Kaise Jiye,Ajit Chauhan,2024-01-20 03:04:25,https://www.youtube.com/watch?v=gUolCdQBJdY,https://www.aha-music.com/77f18b7db0066c3db861552a85bb13a3?utm_source=chrome&utm_medium=extension
9ab3f034ca14f6d1fef1582cb0cc0586,Bump Heads,Eminem/Tony Yayo/50 Cent/Lloyd Banks,2024-01-20 03:04:00,https://www.youtube.com/shorts/YMewvAcWzHc,https://www.aha-music.com/9ab3f034ca14f6d1fef1582cb0cc0586?utm_source=chrome&utm_medium=extension
99cae9016beec3d86f98cff6cca3c0e7,Stuck In Your Head (Remix),Latino Tokers,2024-01-19 18:07:07,https://www.youtube.com/shorts/13iZSaq1b5g,https://www.aha-music.com/99cae9016beec3d86f98cff6cca3c0e7?utm_source=chrome&utm_medium=extension
9e3761232344df857462bd6920d4478b,EEEAAAOOO K.K Slider,QtPie,2023-12-25 18:53:59,https://www.youtube.com/watch?v=WBBzeomT4j4,https://www.aha-music.com/9e3761232344df857462bd6920d4478b?utm_source=chrome&utm_medium=extension
65c30d798d52e657b3ac2bb7aee4ffb9,Tendencia Numero Uno,Tendesias,2023-12-20 02:46:43,https://www.youtube.com/shorts/pYJVJ7ebCgw,https://www.aha-music.com/65c30d798d52e657b3ac2bb7aee4ffb9?utm_source=chrome&utm_medium=extension
65c30d798d52e657b3ac2bb7aee4ffb9,Tendencia Numero Uno,Tendesias,2023-12-20 02:46:06,https://www.youtube.com/shorts/pYJVJ7ebCgw,https://www.aha-music.com/65c30d798d52e657b3ac2bb7aee4ffb9?utm_source=chrome&utm_medium=extension
9ab3f034ca14f6d1fef1582cb0cc0586,Bump Heads,Eminem/Tony Yayo/50 Cent/Lloyd Banks,2023-12-19 17:40:57,https://www.youtube.com/shorts/f0_yQkOj0QI,https://www.aha-music.com/9ab3f034ca14f6d1fef1582cb0cc0586?utm_source=chrome&utm_medium=extension
eab831b3f005400f429699d97becfcab,Gypsy Woman (She's Homeless) (La Da Dee La Da Da) [Radio Mix],Crystal Waters,2023-12-19 17:36:32,https://www.youtube.com/shorts/rYLyhtB5lCg,https://www.aha-music.com/eab831b3f005400f429699d97becfcab?utm_source=chrome&utm_medium=extension
280eba3ad9d4f56c8e284a25d7ac7de6,Silent Reverie,Yung Oogway/Master Oogway/Masteroogwgway/Baklava Boi,2023-12-19 02:44:21,https://www.youtube.com/shorts/IxXyDq0F_j4,https://www.aha-music.com/280eba3ad9d4f56c8e284a25d7ac7de6?utm_source=chrome&utm_medium=extension
ae1c7eafd252f132cfe542f803a2163d,Brutal Infernal Funk (Slowed),DJ Oliver Mendes,2023-12-17 20:54:56,https://www.youtube.com/shorts/HlUZ0kYfAik,https://www.aha-music.com/ae1c7eafd252f132cfe542f803a2163d?utm_source=chrome&utm_medium=extension
17e2d290a6e4b536e0e05a7b6d67db64,Midnight City,M83,2023-12-14 21:19:04,https://www.youtube.com/watch?v=NKH5KbnBszE,https://www.aha-music.com/17e2d290a6e4b536e0e05a7b6d67db64?utm_source=chrome&utm_medium=extension
b4da9e73598fc50e4ae41d3c83dc0c41,GTA 4 Loading Theme (Extra Slowed),Ben Green,2023-12-14 21:17:01,https://www.youtube.com/shorts/gVrloYKqCGM,https://www.aha-music.com/b4da9e73598fc50e4ae41d3c83dc0c41?utm_source=chrome&utm_medium=extension
bda4ba4cdab21e625ff46345e21b9c51,1 Thing,Amerie,2023-12-14 21:15:19,https://www.youtube.com/shorts/vMLjlubysxM,https://www.aha-music.com/bda4ba4cdab21e625ff46345e21b9c51?utm_source=chrome&utm_medium=extension
8bd8488d24b8844d2d8608393f601ae3,Nashville Skyline Rag (Live),Stoney Creek Bluegrass Band,2023-12-14 21:03:18,https://www.youtube.com/shorts/F2_mbTHE16E,https://www.aha-music.com/8bd8488d24b8844d2d8608393f601ae3?utm_source=chrome&utm_medium=extension
a7664784609d0df34f06089531930dff,Transgender,Crystal Castles,2023-12-13 17:24:14,https://www.youtube.com/shorts/dA6iLolGQcU,https://www.aha-music.com/a7664784609d0df34f06089531930dff?utm_source=chrome&utm_medium=extension
7725641304f4e88e23ea012ad57ffb30,Tacata,Tiagz,2023-12-06 12:55:10,https://www.youtube.com/shorts/rBWN-JRrlTs,https://www.aha-music.com/7725641304f4e88e23ea012ad57ffb30?utm_source=chrome&utm_medium=extension
62ed128823d893d72705acd2a13b1798,Flip It,Levity,2023-11-28 01:01:37,https://www.youtube.com/shorts/snK2IQZQjyE,https://www.aha-music.com/62ed128823d893d72705acd2a13b1798?utm_source=chrome&utm_medium=extension
0e4aaded969865a3a24f829c23471b9b,Lilac,IU,2023-11-27 21:57:09,https://www.youtube.com/shorts/K9fIR5jDuro,https://www.aha-music.com/0e4aaded969865a3a24f829c23471b9b?utm_source=chrome&utm_medium=extension
2c95d3c94d80394a8e51f50973798358,Distorce - Slowed+Reverb,CREAM PIE,2023-11-27 21:38:38,https://www.youtube.com/shorts/NnazzY8-a6g,https://www.aha-music.com/2c95d3c94d80394a8e51f50973798358?utm_source=chrome&utm_medium=extension
eb0821abff551c76a475c48b85a7800e,Ick,Lay Bankz,2023-11-27 00:00:38,https://www.youtube.com/shorts/D2_mHBouDos,https://www.aha-music.com/eb0821abff551c76a475c48b85a7800e?utm_source=chrome&utm_medium=extension
29ffb08ccd7eda928ddea93a83f8ff06,Music Sounds Better With You x Fake ID,plutonium,2023-11-24 03:08:42,https://www.youtube.com/shorts/rYjDMvgco-o,https://www.aha-music.com/29ffb08ccd7eda928ddea93a83f8ff06?utm_source=chrome&utm_medium=extension
6ca5eb5d90d2c020c50a3b52dc37990f,lovely,Billie Eilish/Khalid,2023-11-23 20:57:02,https://www.youtube.com/watch?v=x4evYwdytYo,https://www.aha-music.com/6ca5eb5d90d2c020c50a3b52dc37990f?utm_source=chrome&utm_medium=extension
ff39ed9583f9804233c6dcfb392c49b3,Sweater Weather,The Neighbourhood,2023-11-18 03:37:32,https://www.youtube.com/shorts/M-BuY_8F-38,https://www.aha-music.com/ff39ed9583f9804233c6dcfb392c49b3?utm_source=chrome&utm_medium=extension
eb0821abff551c76a475c48b85a7800e,Ick,Lay Bankz,2023-11-17 13:46:26,https://www.youtube.com/shorts/pMBU7FRsfCE,https://www.aha-music.com/eb0821abff551c76a475c48b85a7800e?utm_source=chrome&utm_medium=extension
3319e1da6ab967280454ab791541910d,Ah your voice is so far,Sarelazo,2023-11-16 21:05:05,https://www.youtube.com/shorts/37tXWjqx1VA,https://www.aha-music.com/3319e1da6ab967280454ab791541910d?utm_source=chrome&utm_medium=extension
4e04d67132218e77b67893bddb89e807,LOVELY BASTARDS,ZWE1HVNDXR/yatashigang,2023-11-16 21:04:54,https://www.youtube.com/shorts/37tXWjqx1VA,https://www.aha-music.com/4e04d67132218e77b67893bddb89e807?utm_source=chrome&utm_medium=extension
b5131c5e87cce2be67dd3d0568f636e8,K1 - HB Freestyle (Season 4),K1/Hardest Bars,2023-11-13 16:57:58,https://www.youtube.com/shorts/fxQEgecmths,https://www.aha-music.com/b5131c5e87cce2be67dd3d0568f636e8?utm_source=chrome&utm_medium=extension
d9432eaa7e7be180a18353677e9dbb1c,NEON BLADE,MoonDeity,2023-11-12 18:00:07,https://www.youtube.com/shorts/AkNhM8Z49FI,https://www.aha-music.com/d9432eaa7e7be180a18353677e9dbb1c?utm_source=chrome&utm_medium=extension
ddb2cd5965f700410e00c668c97984e6,One Dance Remix,Amit_YT,2023-11-09 15:24:50,https://www.youtube.com/shorts/WkUiN52lE1k,https://www.aha-music.com/ddb2cd5965f700410e00c668c97984e6?utm_source=chrome&utm_medium=extension
5df802fdd55f445b8fbd59a8d591df6b,Meet the Frownies,Mr Twin Sister,2023-11-09 14:33:14,https://www.youtube.com/shorts/TBYq1tINhkU,https://www.aha-music.com/5df802fdd55f445b8fbd59a8d591df6b?utm_source=chrome&utm_medium=extension
94f74a45b74542eff6b476de532a2c26,Can You Hear The Music,Ludwig Göransson,2023-11-08 20:26:27,https://www.youtube.com/shorts/ooTVtT893MA,https://www.aha-music.com/94f74a45b74542eff6b476de532a2c26?utm_source=chrome&utm_medium=extension
145b0e4703bb7ef7e05cc114706a7fbe,Eat Them Apples,Suzi Wu,2023-11-05 18:10:14,https://www.youtube.com/watch?v=eSxMRRuj89U,https://www.aha-music.com/145b0e4703bb7ef7e05cc114706a7fbe?utm_source=chrome&utm_medium=extension
d42ce0188b57440bfa19f0ad9a38af6d,Is Ya Ready,Kay Flock,2023-10-23 18:11:32,https://www.youtube.com/shorts/wr9-KD_ygM0,https://www.aha-music.com/d42ce0188b57440bfa19f0ad9a38af6d?utm_source=chrome&utm_medium=extension
97f69008bb1c6c5fb328657572a45275,Kerosene,Crystal Castles,2023-10-22 23:15:47,https://www.youtube.com/shorts/XkmxRQwONzc,https://www.aha-music.com/97f69008bb1c6c5fb328657572a45275?utm_source=chrome&utm_medium=extension
444382903b5350ba94149494cc223ef2,Wasted Summers,juju<3,2023-10-22 23:10:52,https://www.youtube.com/shorts/_Pr0G7UNyI0,https://www.aha-music.com/444382903b5350ba94149494cc223ef2?utm_source=chrome&utm_medium=extension
2d666e52ccf9981a6c75e0735f6cfdd1,MTG DESGORVERNANTE (slowed + reverb),eii4nny,2023-10-20 20:40:50,https://www.youtube.com/shorts/HvSv_qTTRaw,https://www.aha-music.com/2d666e52ccf9981a6c75e0735f6cfdd1?utm_source=chrome&utm_medium=extension
6cf07d62c7195cd0a2d1de91e571f5a2,Mirror,Mambrett,2023-10-20 20:02:08,https://www.youtube.com/shorts/fLOnU1h5c6w,https://www.aha-music.com/6cf07d62c7195cd0a2d1de91e571f5a2?utm_source=chrome&utm_medium=extension
e10dbb3d9ab6e1af997bdc9b929b7729,Campus,Vampire Weekend,2023-10-18 15:51:58,https://www.youtube.com/watch?v=5-9vt-s_B44&list=PLjj5XNpZsVcA_aTQfFfLDLuHNPZwCuALc&index=11,https://www.aha-music.com/e10dbb3d9ab6e1af997bdc9b929b7729?utm_source=chrome&utm_medium=extension
872489c67a3537ddb71e848018c9719d,It's just a burning memory,The Caretaker,2023-10-17 21:56:37,https://www.youtube.com/watch?v=uaPbwrmw6lI,https://www.aha-music.com/872489c67a3537ddb71e848018c9719d?utm_source=chrome&utm_medium=extension
4d963defa289750e0044fbb02ee499b4,Young Girl A,Shiina Mota,2023-10-13 01:05:30,https://www.youtube.com/shorts/mg51srEvhFQ,https://www.aha-music.com/4d963defa289750e0044fbb02ee499b4?utm_source=chrome&utm_medium=extension
64a5155b070680f8f5d641bdc17ea1fe,Wait a Minute!,Willow,2023-10-12 19:58:47,https://www.tiktok.com/@ahmedmessi1_/video/7282858544410397957?_r=1&_t=8gS9CbJ3XZB,https://www.aha-music.com/64a5155b070680f8f5d641bdc17ea1fe?utm_source=chrome&utm_medium=extension
a31de554e57f7c8d88f3a1bf5e01bf6a,deja vu,IVOXYGEN,2023-10-08 02:10:16,https://www.youtube.com/watch?v=CQh6aJgQsGg,https://www.aha-music.com/a31de554e57f7c8d88f3a1bf5e01bf6a?utm_source=chrome&utm_medium=extension
c39ee2b84385eff939a6b32b6ec0e5a3,Ice Cream Man,Tyga,2023-10-06 01:00:08,https://www.youtube.com/watch?v=1caj6EB6zwg,https://www.aha-music.com/c39ee2b84385eff939a6b32b6ec0e5a3?utm_source=chrome&utm_medium=extension
bb39379e18612b74116824c19755b6c4,Portwave,sloxy,2023-10-06 00:59:27,https://www.youtube.com/watch?v=fMgV-IUTOyw,https://www.aha-music.com/bb39379e18612b74116824c19755b6c4?utm_source=chrome&utm_medium=extension
e10cf52293b535a4ff7115a3b6e6c793,Little Dark Age,MGMT,2023-10-06 00:36:17,https://www.youtube.com/watch?v=87RaZNOJM44,https://www.aha-music.com/e10cf52293b535a4ff7115a3b6e6c793?utm_source=chrome&utm_medium=extension
4e04d67132218e77b67893bddb89e807,LOVELY BASTARDS,ZWE1HVNDXR/yatashigang,2023-10-04 16:39:12,https://www.youtube.com/shorts/Cm79X7qTcrc,https://www.aha-music.com/4e04d67132218e77b67893bddb89e807?utm_source=chrome&utm_medium=extension
689fb495f4f0957ac6c15787a2cb2b14,FUNK slowed,Mp music,2023-10-01 14:29:04,https://www.youtube.com/shorts/mjJ5eJoT_YY,https://www.aha-music.com/689fb495f4f0957ac6c15787a2cb2b14?utm_source=chrome&utm_medium=extension
66d657510de35a4863d4c0b4ec06cd40,Le Monde,Richard Carter,2023-10-01 14:12:20,https://www.youtube.com/shorts/wV7kv1AG19k,https://www.aha-music.com/66d657510de35a4863d4c0b4ec06cd40?utm_source=chrome&utm_medium=extension
66d657510de35a4863d4c0b4ec06cd40,Le Monde,Richard Carter,2023-10-01 02:06:45,https://www.youtube.com/watch?v=806aCtDuo6Y,https://www.aha-music.com/66d657510de35a4863d4c0b4ec06cd40?utm_source=chrome&utm_medium=extension
d34927e4bfbac6ff86c00473267539f6,AMERICAN HORROR SHOW,SNOW WIFE,2023-09-30 18:02:43,https://www.youtube.com/shorts/UVsSRKyo6nY,https://www.aha-music.com/d34927e4bfbac6ff86c00473267539f6?utm_source=chrome&utm_medium=extension
6c076ea42cb79e7ec8393a42cd2a0008,YOU'RE TOO SLOW,Odetari,2023-09-30 18:00:40,https://www.youtube.com/shorts/MTCIzY1p_fI,https://www.aha-music.com/6c076ea42cb79e7ec8393a42cd2a0008?utm_source=chrome&utm_medium=extension
52516c27006b846816c6b86534ac2a88,The Automotivo Infernal 1.0 (Purple),MRL,2023-09-30 17:55:11,https://www.youtube.com/shorts/uOA4ImZb40Y,https://www.aha-music.com/52516c27006b846816c6b86534ac2a88?utm_source=chrome&utm_medium=extension
4e04d67132218e77b67893bddb89e807,LOVELY BASTARDS,ZWE1HVNDXR/yatashigang,2023-09-30 17:55:03,https://www.youtube.com/shorts/bpClFVdEB5k,https://www.aha-music.com/4e04d67132218e77b67893bddb89e807?utm_source=chrome&utm_medium=extension
5c0b08db32b2e7bba93576a1ce92c717,NaNaNa X Cola,PurpleDrip,2023-09-30 17:50:56,https://www.youtube.com/shorts/mvc3-bSwK5s,https://www.aha-music.com/5c0b08db32b2e7bba93576a1ce92c717?utm_source=chrome&utm_medium=extension
2cd2074ff5e50530686e578acf980eed,Tous Les Mêmes (Sped Up & Reverb),Ali Özdemir & Speed Up + Reverb Zeus,2023-09-30 17:17:55,https://www.youtube.com/shorts/4COGGQxdz7k,https://www.aha-music.com/2cd2074ff5e50530686e578acf980eed?utm_source=chrome&utm_medium=extension
a68243af69e60bef54c41628e42c98cb,Sweet but Psycho,Ava Max,2023-09-30 17:09:08,https://www.youtube.com/shorts/GjEiT_tjKgc,https://www.aha-music.com/a68243af69e60bef54c41628e42c98cb?utm_source=chrome&utm_medium=extension
c1eb28153f4bfe8c73db574e26bb1136,GTA 4 Theme (Slowed),degsuer,2023-09-30 17:06:12,https://www.youtube.com/shorts/lFlLd0r1mLE,https://www.aha-music.com/c1eb28153f4bfe8c73db574e26bb1136?utm_source=chrome&utm_medium=extension
3de0cd0e98acd2ff248833f7f8cba408,Suzume,RADWIMPS/Toaka,2023-09-30 16:42:28,https://www.youtube.com/watch?v=EB90M9d_-bk,https://www.aha-music.com/3de0cd0e98acd2ff248833f7f8cba408?utm_source=chrome&utm_medium=extension
6242e86352c7c9439a2703d6519ab0bb,Gasolina,Daddy Yankee,2023-09-28 16:58:18,https://www.youtube.com/shorts/7LK0W7OwEd8,https://www.aha-music.com/6242e86352c7c9439a2703d6519ab0bb?utm_source=chrome&utm_medium=extension
66d657510de35a4863d4c0b4ec06cd40,Le Monde,Richard Carter,2023-09-28 16:52:48,https://www.youtube.com/shorts/GUXrTlsBLVg,https://www.aha-music.com/66d657510de35a4863d4c0b4ec06cd40?utm_source=chrome&utm_medium=extension
385d8d2aa972d39cbb82c64ce2dbf5ad,GMFU (feat. Odetari & 6arelyhuman) [Slowed & Reverbed],ODECORE & Sassy Scene,2023-09-27 18:20:34,https://www.youtube.com/shorts/AyWIQZwGwhU,https://www.aha-music.com/385d8d2aa972d39cbb82c64ce2dbf5ad?utm_source=chrome&utm_medium=extension
ffeb1579a0c7a9af988fb14e3354ea17,Amour plastique,Videoclub,2023-09-25 18:40:50,https://www.youtube.com/shorts/0FOgB49VWO8,https://www.aha-music.com/ffeb1579a0c7a9af988fb14e3354ea17?utm_source=chrome&utm_medium=extension
4c1754ed1e1a8a1359860728578370ba,The Truth,Azino,2023-09-24 20:17:58,https://www.youtube.com/watch?v=mxbCmu6nuJg,https://www.aha-music.com/4c1754ed1e1a8a1359860728578370ba?utm_source=chrome&utm_medium=extension
4c347c50f0361948839edb485dbe016c,RAGE,scraizis,2023-09-24 19:13:31,https://www.youtube.com/shorts/nGMttOzPs_k,https://www.aha-music.com/4c347c50f0361948839edb485dbe016c?utm_source=chrome&utm_medium=extension
e5adea571699a61205f80467d4271005,COWBELL GOTH (Slowed + Reverb),Slowed Audios,2023-09-24 19:13:18,https://www.youtube.com/shorts/zFbt78xJZVA,https://www.aha-music.com/e5adea571699a61205f80467d4271005?utm_source=chrome&utm_medium=extension
cc97f3c061cac8c71a6c7e1e55e0b7d4,Fluxxwave (slowed),Vohr,2023-09-24 19:11:20,https://www.youtube.com/shorts/WU_WHqi6pIQ,https://www.aha-music.com/cc97f3c061cac8c71a6c7e1e55e0b7d4?utm_source=chrome&utm_medium=extension
fe5e487bb52b957bf85a2b909486bd52,Evergreen,Omar Apollo,2023-09-24 19:10:02,https://www.youtube.com/shorts/AnOO3h5Fchc,https://www.aha-music.com/fe5e487bb52b957bf85a2b909486bd52?utm_source=chrome&utm_medium=extension
5ed34c396df4cc28bd53957f5db35d81,Little Dark Age,MGMT,2023-09-24 19:05:57,https://www.youtube.com/shorts/pS9u2cGYZ5k,https://www.aha-music.com/5ed34c396df4cc28bd53957f5db35d81?utm_source=chrome&utm_medium=extension
51c69a0a2f7fa4a7359b0bfcb95124b4,Weekend (Slowed Mix),Jordan Burns,2023-09-24 19:05:44,https://www.youtube.com/shorts/o-vCpzbDZ7Q,https://www.aha-music.com/51c69a0a2f7fa4a7359b0bfcb95124b4?utm_source=chrome&utm_medium=extension
a6761ab83dde3e21a391069bdfc9bb1c,SyukuseiLorikamiRequiem,ShigureUi,2023-09-24 15:00:55,https://www.youtube.com/shorts/5hNhCaCqME0,https://www.aha-music.com/a6761ab83dde3e21a391069bdfc9bb1c?utm_source=chrome&utm_medium=extension
069ad29a9fe73400c89d03e13b9f67b2,BIKE DRIFT,OhtoPlaya,2023-09-24 15:00:17,https://www.youtube.com/shorts/-9MUQObcSCA,https://www.aha-music.com/069ad29a9fe73400c89d03e13b9f67b2?utm_source=chrome&utm_medium=extension
fe5e487bb52b957bf85a2b909486bd52,Evergreen,Omar Apollo,2023-09-23 21:14:26,https://www.youtube.com/shorts/XEHgwiNOolM,https://www.aha-music.com/fe5e487bb52b957bf85a2b909486bd52?utm_source=chrome&utm_medium=extension
d99db7550335ceb34e115d2b3e44327d,Rupi Maso,Rica Lochi,2023-09-23 11:43:29,https://www.youtube.com/shorts/z5AFCG6-gbw,https://www.aha-music.com/d99db7550335ceb34e115d2b3e44327d?utm_source=chrome&utm_medium=extension
d99db7550335ceb34e115d2b3e44327d,Rupi Maso,Rica Lochi,2023-09-23 11:39:57,https://www.youtube.com/shorts/z5AFCG6-gbw,https://www.aha-music.com/d99db7550335ceb34e115d2b3e44327d?utm_source=chrome&utm_medium=extension
a228106b482b484d28b9e965ec385717,Oui,Jeremih,2023-09-23 01:13:04,https://www.youtube.com/watch?v=r8PXq7NP0DQ,https://www.aha-music.com/a228106b482b484d28b9e965ec385717?utm_source=chrome&utm_medium=extension
a228106b482b484d28b9e965ec385717,Oui,Jeremih,2023-09-23 01:12:34,https://www.youtube.com/watch?v=r8PXq7NP0DQ,https://www.aha-music.com/a228106b482b484d28b9e965ec385717?utm_source=chrome&utm_medium=extension
be7f5fad86b9bf7853eae2f964a3bc4a,THE AUTOTREM 1.0 - Slowed,SAKRATES,2023-09-20 15:51:28,https://www.youtube.com/shorts/KqGIBTUoWxs,https://www.aha-music.com/be7f5fad86b9bf7853eae2f964a3bc4a?utm_source=chrome&utm_medium=extension
e9400e0dd313e6599b1bbab53ba7ecc6,Beat Mata Noia Slowed,Scammacist,2023-09-20 15:51:17,https://www.youtube.com/shorts/KqGIBTUoWxs,https://www.aha-music.com/e9400e0dd313e6599b1bbab53ba7ecc6?utm_source=chrome&utm_medium=extension
764576b6a5af858c88a228d15f3fcf70,Below The Surface,Unanium/Speedy Audio,2023-09-19 18:51:12,https://www.youtube.com/shorts/5jdB73GYizM,https://www.aha-music.com/764576b6a5af858c88a228d15f3fcf70?utm_source=chrome&utm_medium=extension
33d91316c1870fa06cd4591d2c105d9f,the way things go,beabadoobee,2023-09-18 21:46:16,https://www.youtube.com/shorts/8K53-YakKko,https://www.aha-music.com/33d91316c1870fa06cd4591d2c105d9f?utm_source=chrome&utm_medium=extension
4862e2ec922401186424c64936de9e25,Tsunami,Mills,2023-09-18 21:35:40,https://www.youtube.com/shorts/ncx-uMCbgGk,https://www.aha-music.com/4862e2ec922401186424c64936de9e25?utm_source=chrome&utm_medium=extension
b452d23f6dc9d7b3e86926997bdb28b7,It Was A Good Day,Ice Cube,2023-09-18 21:34:40,https://www.youtube.com/shorts/xi1IY5PmFtA,https://www.aha-music.com/b452d23f6dc9d7b3e86926997bdb28b7?utm_source=chrome&utm_medium=extension
7b932d2dab00434e2ba6445de01b3e6e,Shaka Taka,Ghulam Murtaza,2023-09-18 21:34:29,https://www.youtube.com/shorts/PjAV_R-RToU,https://www.aha-music.com/7b932d2dab00434e2ba6445de01b3e6e?utm_source=chrome&utm_medium=extension
7b932d2dab00434e2ba6445de01b3e6e,Shaka Taka,Ghulam Murtaza,2023-09-18 21:34:23,https://www.youtube.com/shorts/PjAV_R-RToU,https://www.aha-music.com/7b932d2dab00434e2ba6445de01b3e6e?utm_source=chrome&utm_medium=extension
d78f93275c6ee13a4e684e2dfe986d34,Way Down We Go (Slowed),Msic,2023-09-18 21:27:42,https://www.youtube.com/shorts/JDPBwAALjjk,https://www.aha-music.com/d78f93275c6ee13a4e684e2dfe986d34?utm_source=chrome&utm_medium=extension
bd648ea76a243d4f6509368def4f1b1a,DON'T MAKE ME UPSET,JUNE!,2023-09-18 21:23:07,https://www.youtube.com/shorts/Wrab1HThEuc,https://www.aha-music.com/bd648ea76a243d4f6509368def4f1b1a?utm_source=chrome&utm_medium=extension
bec10592fe83b10c8a51056a8c9901d9,Ransom,Lil Tecca,2023-09-18 20:46:11,https://www.youtube.com/shorts/KN9UH6nhaio,https://www.aha-music.com/bec10592fe83b10c8a51056a8c9901d9?utm_source=chrome&utm_medium=extension
159f47feaf3bab52403d71999fc07688,Little Dark Age (Slowed),Deluxe1337,2023-09-18 20:27:24,https://www.youtube.com/shorts/YboRI9uusYY,https://www.aha-music.com/159f47feaf3bab52403d71999fc07688?utm_source=chrome&utm_medium=extension
304bee69b23f83a95fcd4c85817070a2,Aleph,Gesaffelstein,2023-09-18 13:23:25,https://www.youtube.com/shorts/Q_OLWEC5IOY,https://www.aha-music.com/304bee69b23f83a95fcd4c85817070a2?utm_source=chrome&utm_medium=extension
8b7db5ee4d1a9ff6eb0f1a587cd57cf6,Automotivo Blindado,DJ Rossini ZS/DJ MENOR DA Z.O/MC Zudo Boladão/MC LUIS DO GRAU,2023-09-18 13:21:15,https://www.youtube.com/shorts/dAUznIYdKGA,https://www.aha-music.com/8b7db5ee4d1a9ff6eb0f1a587cd57cf6?utm_source=chrome&utm_medium=extension
0e73330b6525466dcc486f3470ffa19f,約束しよう (做个约定吧),カンノユウキ,2023-09-18 13:20:34,https://www.youtube.com/shorts/elaXqZCjSFI,https://www.aha-music.com/0e73330b6525466dcc486f3470ffa19f?utm_source=chrome&utm_medium=extension
e3a9ed54e8d050f90f47c09c0ba6b93b,The Box (Live Band),MC Perfunctory,2023-09-18 13:20:11,https://www.youtube.com/shorts/ZPo9pUinRZY,https://www.aha-music.com/e3a9ed54e8d050f90f47c09c0ba6b93b?utm_source=chrome&utm_medium=extension
90fa9dd9060133214250c46ea4c8b97c,Snoop x Fumez The Engineer - Plugged In,Snoop Dogg;Fumez The Engineer,2023-09-17 16:56:48,https://www.youtube.com/shorts/9RVA7h_wDvw,https://www.aha-music.com/90fa9dd9060133214250c46ea4c8b97c?utm_source=chrome&utm_medium=extension
cfb77c0d9453502bf060ac19f85d2d29,"Caught Inda Rain 2 (feat. Lil Dotz, Broadday, Malty 2BZ, Rondomontana, Workrate & Strika)",Sus,2023-09-17 16:56:39,https://www.youtube.com/shorts/9RVA7h_wDvw,https://www.aha-music.com/cfb77c0d9453502bf060ac19f85d2d29?utm_source=chrome&utm_medium=extension
48afda644f4fd184b944ad9dd9f1eb80,Fluxxwave (Lay With Me),The Dive,2023-09-17 16:53:35,https://www.youtube.com/shorts/OzHBEhOke7E,https://www.aha-music.com/48afda644f4fd184b944ad9dd9f1eb80?utm_source=chrome&utm_medium=extension
ad4ea20cb23551ab791b663f9c4d325e,ALORS BRAZIL,NONTHENSE,2023-09-17 16:46:38,https://www.youtube.com/shorts/8k5WcgIA7s4,https://www.aha-music.com/ad4ea20cb23551ab791b663f9c4d325e?utm_source=chrome&utm_medium=extension
8b7db5ee4d1a9ff6eb0f1a587cd57cf6,Automotivo Blindado,DJ Rossini ZS/DJ MENOR DA Z.O/MC Zudo Boladão/MC LUIS DO GRAU,2023-09-17 16:46:22,https://www.youtube.com/shorts/y3yOgl12_N8,https://www.aha-music.com/8b7db5ee4d1a9ff6eb0f1a587cd57cf6?utm_source=chrome&utm_medium=extension
c761f5b78fd014c3481900ad30027c22,White Tee,Summer Walker/NO1-NOAH,2023-09-17 16:45:25,https://www.youtube.com/shorts/IjWuA6ZlPYA,https://www.aha-music.com/c761f5b78fd014c3481900ad30027c22?utm_source=chrome&utm_medium=extension
642a5cecc3c58e7543b914b4f3a55565,It's Getting Hot,NLE Choppa,2023-09-17 16:45:07,https://www.youtube.com/shorts/Qo_omorCF2M,https://www.aha-music.com/642a5cecc3c58e7543b914b4f3a55565?utm_source=chrome&utm_medium=extension
e871bece13e31f9daefd0b50e46ef95b,Superman,Eminem,2023-09-17 16:43:20,https://www.youtube.com/shorts/A-u2F9wwAP4,https://www.aha-music.com/e871bece13e31f9daefd0b50e46ef95b?utm_source=chrome&utm_medium=extension
8c7f78c972bfc17664b7ac052e50882d,Paint The Town Red,Doja Cat,2023-09-17 16:42:27,https://www.youtube.com/shorts/Xy7hoNcwNIw,https://www.aha-music.com/8c7f78c972bfc17664b7ac052e50882d?utm_source=chrome&utm_medium=extension
5b739c46755f3550c6d870972a6dff84,A Pimp Named Slickback,Lakim,2023-09-17 16:41:10,https://www.youtube.com/shorts/Wezf7sHhUsU,https://www.aha-music.com/5b739c46755f3550c6d870972a6dff84?utm_source=chrome&utm_medium=extension
af6415a4ae0ba8cc5d622e81f3c1306f,Dolly,Lil Tecca & Lil Uzi Vert,2023-09-17 16:40:04,https://www.youtube.com/watch?v=ksPR_k20UAI,https://www.aha-music.com/af6415a4ae0ba8cc5d622e81f3c1306f?utm_source=chrome&utm_medium=extension
2eab2bceec18872d263fa8117b7842be,ZK3 FUNK MIX TIKTOK,lvberry,2023-09-17 16:38:51,https://www.youtube.com/shorts/bR1XsJ9LYpM,https://www.aha-music.com/2eab2bceec18872d263fa8117b7842be?utm_source=chrome&utm_medium=extension
bec10592fe83b10c8a51056a8c9901d9,Ransom,Lil Tecca,2023-09-17 16:38:31,https://www.youtube.com/shorts/CtcFpjSRwWQ,https://www.aha-music.com/bec10592fe83b10c8a51056a8c9901d9?utm_source=chrome&utm_medium=extension
cfe13f2b836f6abb08d9222d318efc66,mom leave me alone i wanna be famous,0ur6s,2023-09-17 16:31:59,https://www.youtube.com/shorts/XrdAcKSFM5A,https://www.aha-music.com/cfe13f2b836f6abb08d9222d318efc66?utm_source=chrome&utm_medium=extension
793650e0e39b9127ec0235f8edc36373,Ava,Famy,2023-09-17 16:26:19,https://www.youtube.com/shorts/r3Vd1p-I7l4,https://www.aha-music.com/793650e0e39b9127ec0235f8edc36373?utm_source=chrome&utm_medium=extension
fd1e02846e84dbcb30a70442916ff678,My Name Is,Eminem,2023-09-17 14:56:02,https://www.youtube.com/shorts/Bt0eKh5e4aw,https://www.aha-music.com/fd1e02846e84dbcb30a70442916ff678?utm_source=chrome&utm_medium=extension
5c0b08db32b2e7bba93576a1ce92c717,NaNaNa X Cola,PurpleDrip,2023-09-17 14:54:11,https://www.youtube.com/shorts/2uKuxPChJg8,https://www.aha-music.com/5c0b08db32b2e7bba93576a1ce92c717?utm_source=chrome&utm_medium=extension
bbe75c4d986f52de9e27d9010a90991a,Paz,DJ ESHER,2023-09-17 14:29:44,https://www.youtube.com/watch?v=3aRv693CC0M,https://www.aha-music.com/bbe75c4d986f52de9e27d9010a90991a?utm_source=chrome&utm_medium=extension
793650e0e39b9127ec0235f8edc36373,Ava,Famy,2023-09-16 19:22:51,https://www.youtube.com/shorts/P9b1-I_8Iec,https://www.aha-music.com/793650e0e39b9127ec0235f8edc36373?utm_source=chrome&utm_medium=extension
793650e0e39b9127ec0235f8edc36373,Ava,Famy,2023-09-16 19:22:36,https://www.youtube.com/shorts/P9b1-I_8Iec,https://www.aha-music.com/793650e0e39b9127ec0235f8edc36373?utm_source=chrome&utm_medium=extension
30ea040d885db9fc7b667b4a429c44ae,Laffy Taffy (Explicit),D4L,2023-09-15 19:01:00,https://www.youtube.com/shorts/4av0vrZJguI,https://www.aha-music.com/30ea040d885db9fc7b667b4a429c44ae?utm_source=chrome&utm_medium=extension
76be3ee06ff31da23445bb53f0ab9222,Revue,Erickazt,2023-09-15 18:48:06,https://www.youtube.com/shorts/sfS5VBXhtVE,https://www.aha-music.com/76be3ee06ff31da23445bb53f0ab9222?utm_source=chrome&utm_medium=extension
b3eba39fcd0cf756ebb3c6dd0dc48b1d,Royalty,Egzod/Maestro Chives/Neoni,2023-09-14 19:18:18,https://www.youtube.com/watch?v=kuRCBQG0dtc,https://www.aha-music.com/b3eba39fcd0cf756ebb3c6dd0dc48b1d?utm_source=chrome&utm_medium=extension
5975b0b80cc46ce0e590cce51cdcd634,WASTE,KxllSwxtch,2023-09-14 12:47:04,https://www.youtube.com/shorts/XSGjuP8HCJQ,https://www.aha-music.com/5975b0b80cc46ce0e590cce51cdcd634?utm_source=chrome&utm_medium=extension
8a3463435f0ca210cb624ba84fcf1b9b,Speed Up Tiktok #11,AA Records,2023-09-14 12:46:52,https://www.youtube.com/shorts/biiuejlyoo8,https://www.aha-music.com/8a3463435f0ca210cb624ba84fcf1b9b?utm_source=chrome&utm_medium=extension
642a5cecc3c58e7543b914b4f3a55565,It's Getting Hot,NLE Choppa,2023-09-12 16:50:22,https://www.youtube.com/shorts/AvEXFTcWfWM,https://www.aha-music.com/642a5cecc3c58e7543b914b4f3a55565?utm_source=chrome&utm_medium=extension
245ca8f1202b3b30fda995fd9edf50c7,Swalla (feat. Nicki Minaj & Ty Dolla $ign),Jason Derulo,2023-09-12 16:50:10,https://www.youtube.com/shorts/cCBaPSV1j7k,https://www.aha-music.com/245ca8f1202b3b30fda995fd9edf50c7?utm_source=chrome&utm_medium=extension
450741ab4acd1cf73ef548f7ca5c493e,Avva Slwd (Radio Edit),Ed Sub,2023-09-12 16:33:50,https://www.youtube.com/shorts/nokICqsza-c,https://www.aha-music.com/450741ab4acd1cf73ef548f7ca5c493e?utm_source=chrome&utm_medium=extension
a228106b482b484d28b9e965ec385717,Oui,Jeremih,2023-09-12 01:08:51,https://www.youtube.com/watch?v=7UwPIISQBOE,https://www.aha-music.com/a228106b482b484d28b9e965ec385717?utm_source=chrome&utm_medium=extension
4d963defa289750e0044fbb02ee499b4,Young Girl A,Shiina Mota,2023-09-10 20:49:40,https://www.youtube.com/shorts/-YbKVfkXSOk,https://www.aha-music.com/4d963defa289750e0044fbb02ee499b4?utm_source=chrome&utm_medium=extension
bb7bb3a653067e72b468899adb3e8d62,Pensando De Mas,matiloco,2023-09-10 20:49:32,https://www.youtube.com/shorts/-YbKVfkXSOk,https://www.aha-music.com/bb7bb3a653067e72b468899adb3e8d62?utm_source=chrome&utm_medium=extension
dfb9f73d79d81f054713ec62e2582e33,Counting Stars,Simply Three,2023-09-10 20:45:48,https://www.youtube.com/shorts/qFIqcDYmI-k,https://www.aha-music.com/dfb9f73d79d81f054713ec62e2582e33?utm_source=chrome&utm_medium=extension
fd7d3b29f8c1e3c04b38ca37a8409081,A Pimp Named Slickback Slowed (Remix),Eduardo Luzquiños;RH Music,2023-09-10 16:17:01,https://www.youtube.com/shorts/AHUDnHaUEgo,https://www.aha-music.com/fd7d3b29f8c1e3c04b38ca37a8409081?utm_source=chrome&utm_medium=extension
287271377e956a03376df1f1c0961371,THE AUTOTREM 1.0 (Sped Up),DJ RICK 013,2023-09-09 23:04:30,https://www.youtube.com/shorts/1g8v6jzqwb0,https://www.aha-music.com/287271377e956a03376df1f1c0961371?utm_source=chrome&utm_medium=extension
bba1d249619c8a20f2f27eb51a769e9d,Suffer with Me,líue,2023-09-09 23:03:52,https://www.youtube.com/shorts/hLBXp6IExQI,https://www.aha-music.com/bba1d249619c8a20f2f27eb51a769e9d?utm_source=chrome&utm_medium=extension
a2d3cffa21730158a538db0a3cf71b77,What Was I Made For?,Billie Eilish,2023-09-09 01:27:33,https://www.youtube.com/shorts/bivu6wNYfHI,https://www.aha-music.com/a2d3cffa21730158a538db0a3cf71b77?utm_source=chrome&utm_medium=extension
965440bb433f1f791aa5879caca81d01,У И И А И И,Dicon,2023-09-09 01:16:57,https://www.youtube.com/shorts/eFPbjHgUx_c,https://www.aha-music.com/965440bb433f1f791aa5879caca81d01?utm_source=chrome&utm_medium=extension
a356132ad01e220d4a9adc849a6f7878,У И И А И И,Dicon,2023-09-09 01:16:21,https://www.youtube.com/shorts/eFPbjHgUx_c,https://www.aha-music.com/a356132ad01e220d4a9adc849a6f7878?utm_source=chrome&utm_medium=extension
e40268a5885b2a4fa313a238f8362aba,tourner dans le vide x rises the moon (tiktok version),Serry,2023-09-09 00:02:42,https://www.youtube.com/shorts/CAD-0qWedHQ,https://www.aha-music.com/e40268a5885b2a4fa313a238f8362aba?utm_source=chrome&utm_medium=extension
3d36c14d8c8602bd74801c9984d2d2a6,Bass Monster 1,Huggable x3,2023-09-08 01:16:36,https://www.youtube.com/shorts/JVXUrrBr2UE,https://www.aha-music.com/3d36c14d8c8602bd74801c9984d2d2a6?utm_source=chrome&utm_medium=extension
dfb9f73d79d81f054713ec62e2582e33,Counting Stars,Simply Three,2023-09-08 00:42:40,https://www.youtube.com/shorts/Cz3nKqr3erk,https://www.aha-music.com/dfb9f73d79d81f054713ec62e2582e33?utm_source=chrome&utm_medium=extension
8c0feb21c89e34ff0b99a8f52c8aa78a,Lovely Boys,Quddus Forazi,2023-09-07 19:48:21,https://www.youtube.com/shorts/x8rGfVbO9oc,https://www.aha-music.com/8c0feb21c89e34ff0b99a8f52c8aa78a?utm_source=chrome&utm_medium=extension
44e89e9a56da2e0fdb89cb7c808d9ead,Devil Eyes,ZODIVK,2023-09-07 19:22:00,https://www.youtube.com/shorts/oUg61NhWdwE,https://www.aha-music.com/44e89e9a56da2e0fdb89cb7c808d9ead?utm_source=chrome&utm_medium=extension
b95409fa52336ea9d573508d6b85d040,LOOK DON’T TOUCH,Odetari/cade clair,2023-09-07 16:41:59,https://www.youtube.com/shorts/dWyNeUcVbrc,https://www.aha-music.com/b95409fa52336ea9d573508d6b85d040?utm_source=chrome&utm_medium=extension
b15e5e39c14b372bf3ea0b6b31146ed3,Barbie & Ken,"Scene Queen, Set It Off",2023-09-07 16:40:13,https://www.youtube.com/shorts/9GgEgUdwLg0,https://www.aha-music.com/b15e5e39c14b372bf3ea0b6b31146ed3?utm_source=chrome&utm_medium=extension
725c2257ab13204aecb1a202ffe68b1f,BRAZILIAN DANÇA PHONK,6YNTHMANE/RXDXVIL,2023-09-07 16:37:53,https://www.youtube.com/shorts/oATruA-6ue0,https://www.aha-music.com/725c2257ab13204aecb1a202ffe68b1f?utm_source=chrome&utm_medium=extension
96275aa449a5d25c70c2db3120950ce4,FAZBEAR PHONK,IMORTA1NA/MC Nato,2023-09-07 16:36:25,https://www.youtube.com/shorts/CZiUSF0SO0M,https://www.aha-music.com/96275aa449a5d25c70c2db3120950ce4?utm_source=chrome&utm_medium=extension
2f376ff1b62f83f1533a5171754f7216,HALLOWEEN,BUSHIDO ZHO,2023-09-07 16:31:34,https://www.youtube.com/shorts/4s3ik9_JCpY,https://www.aha-music.com/2f376ff1b62f83f1533a5171754f7216?utm_source=chrome&utm_medium=extension
d305518e6a189637569894455e3ffd2d,Remember The Rain,Various Artists,2023-09-07 14:23:21,https://www.youtube.com/watch?v=8gk5acdsUQA,https://www.aha-music.com/d305518e6a189637569894455e3ffd2d?utm_source=chrome&utm_medium=extension
a0119c7542398748f6af85ab8121ea1d,I LOVE YOU HOE,Odetari/9lives,2023-09-07 14:20:42,https://www.youtube.com/shorts/ihqZIhX0CZw,https://www.aha-music.com/a0119c7542398748f6af85ab8121ea1d?utm_source=chrome&utm_medium=extension
9d07a660d2f6b73ef20ed2111bc94de7,Fluxxwave,Clovis Reyes,2023-09-07 00:03:24,https://www.youtube.com/watch?v=m2RniGEEsbQ,https://www.aha-music.com/9d07a660d2f6b73ef20ed2111bc94de7?utm_source=chrome&utm_medium=extension
d723935978f7b172f16ba9a60c54175b,National Anthem,Lana Del Rey,2023-09-01 01:39:54,https://www.youtube.com/shorts/VmvWG5R0WH4,https://www.aha-music.com/d723935978f7b172f16ba9a60c54175b?utm_source=chrome&utm_medium=extension
48585cc4fbf820f7ebf6b6be99e3698b,RITMADINHA DANÇANTE,DJ GUDOG,2023-08-31 20:18:05,https://www.youtube.com/shorts/UzKGtnUef_Q,https://www.aha-music.com/48585cc4fbf820f7ebf6b6be99e3698b?utm_source=chrome&utm_medium=extension
b2695ab1bb8c044a0056656cc3ab4150,THE AUTOTREM 1.0 (EDIT by DJ ZK3),DJ RICK 013,2023-08-31 20:17:13,https://www.youtube.com/shorts/-4Z-0LUgxhI,https://www.aha-music.com/b2695ab1bb8c044a0056656cc3ab4150?utm_source=chrome&utm_medium=extension
769d4466938e947bba5c9e8aa5be514d,Go (Xtayalive 2),Kanii/9lives,2023-08-31 20:04:13,https://www.youtube.com/shorts/vEHNHtYcntA,https://www.aha-music.com/769d4466938e947bba5c9e8aa5be514d?utm_source=chrome&utm_medium=extension
8b7db5ee4d1a9ff6eb0f1a587cd57cf6,Automotivo Blindado,DJ Rossini ZS/DJ MENOR DA Z.O/MC Zudo Boladão/MC LUIS DO GRAU,2023-08-31 19:59:06,https://www.youtube.com/shorts/LUc_B7QptrI,https://www.aha-music.com/8b7db5ee4d1a9ff6eb0f1a587cd57cf6?utm_source=chrome&utm_medium=extension
b78c2fbb3644a9140d5ff4e624ed9fc6,Back That Up To The Beat (demo version),Madonna,2023-08-30 12:50:44,https://www.youtube.com/shorts/ervycw8oE3k,https://www.aha-music.com/b78c2fbb3644a9140d5ff4e624ed9fc6?utm_source=chrome&utm_medium=extension
58a4c494653e00416704777f00fcdd94,Portuginies,iShowSpeed,2023-08-30 12:25:23,https://www.youtube.com/shorts/3p_vNXBHIEM,https://www.aha-music.com/58a4c494653e00416704777f00fcdd94?utm_source=chrome&utm_medium=extension
7833574e973ae4fd012c36f62ebb7a90,That's What I Like,Bruno Mars,2023-08-30 12:15:56,https://www.youtube.com/shorts/OuWD_euyr8s,https://www.aha-music.com/7833574e973ae4fd012c36f62ebb7a90?utm_source=chrome&utm_medium=extension
44e89e9a56da2e0fdb89cb7c808d9ead,Devil Eyes,ZODIVK,2023-08-30 01:03:23,https://www.youtube.com/shorts/U_FqPpyFz3E,https://www.aha-music.com/44e89e9a56da2e0fdb89cb7c808d9ead?utm_source=chrome&utm_medium=extension
89c4d99d73435a3aa19419ad00cc4311,祝福,YOASOBI,2023-08-30 00:56:22,https://www.youtube.com/channel/UCvpredjG93ifbCP1Y77JyFA,https://www.aha-music.com/89c4d99d73435a3aa19419ad00cc4311?utm_source=chrome&utm_medium=extension
6b64994b21b3a15ceba7b974bd15a719,Sweater Weather (Sped up) [Remix],DJ Fronteo,2023-08-29 21:53:09,https://www.youtube.com/shorts/brn9WkQnMew,https://www.aha-music.com/6b64994b21b3a15ceba7b974bd15a719?utm_source=chrome&utm_medium=extension
64ace9be840cf3768cb992d7dbaba295,Memory Reboot (Slowed),VØJ/Narvent,2023-08-29 18:16:38,https://www.youtube.com/shorts/b67H9CdmzB4,https://www.aha-music.com/64ace9be840cf3768cb992d7dbaba295?utm_source=chrome&utm_medium=extension
840925cda63f1d59fbb590a15b0a53fc,Falling Behind,Laufey,2023-08-29 17:27:43,https://www.youtube.com/shorts/y0_ngBV8A64,https://www.aha-music.com/840925cda63f1d59fbb590a15b0a53fc?utm_source=chrome&utm_medium=extension
6dcb3c99654d8c1374f618d6a51f51a9,Television / so Far so Good,Rex Orange County,2023-08-28 19:10:30,https://www.youtube.com/watch?v=5N8So3l41z0,https://www.aha-music.com/6dcb3c99654d8c1374f618d6a51f51a9?utm_source=chrome&utm_medium=extension
0c5beb41ec55cb738b8e890c4a608f97,Daylight,David Kushner,2023-08-25 19:57:18,https://www.youtube.com/shorts/DY2ULqWtxuk,https://www.aha-music.com/0c5beb41ec55cb738b8e890c4a608f97?utm_source=chrome&utm_medium=extension
a2160712f9f174b3e37f8d2b51c19219,给从前的自己,陈楚生/陆虎,2023-08-25 19:57:09,https://www.youtube.com/shorts/DY2ULqWtxuk,https://www.aha-music.com/a2160712f9f174b3e37f8d2b51c19219?utm_source=chrome&utm_medium=extension
7c822bcb8590111298651cb681f8d16d,Cure For Me,AURORA,2023-08-25 19:57:00,https://www.youtube.com/shorts/DY2ULqWtxuk,https://www.aha-music.com/7c822bcb8590111298651cb681f8d16d?utm_source=chrome&utm_medium=extension